{
    "mse": 0.010806399791038798,
    "rmse": 0.10395383490299336,
    "mae": 0.08131784348457179
}