{
    "mse": 0.010699648281568674,
    "rmse": 0.10343910421870771,
    "mae": 0.08170243439626101
}